"ADVERTISER","TARGETED COUNTRIES","LINK ID","NAME","DESCRIPTION","KEYWORDS","LINK TYPE","THREE MONTH EPC","SEVEN DAY EPC","LAST UDPATED","HTML LINKS","JAVASCRIPT LINKS","CLICK URL","PROMOTION TYPE","COUPON CODE","PROMOTIONAL DATE","PROMOTIONAL END DATE","CATEGORY","ADV_CID","RELATIONSHIP STATUS","LANGUAGE","MOBILE OPTIMIZED"
"KSP Performance","CA, US","17177438","Micro Bar logo only","KSP Performance offers a wide range of high-quality automotive parts, including wheel spacers, control arms, leveling kits, and suspension components. Designed for strength, precision, and perfect fitment, our products help enhance vehicle stance, handling, and off-road performance. Whether you're upgrading your truck, SUV, or performance car, KSP delivers reliable solutions engineered to perform and built to last.","KSP Performance, KSP Motor, KSP, cars, trucks, parts, automotive, wheels, wheel spacers, suspension, off-road, SUV, SUVs, leveling, auto parts, car parts, truck parts","Banner","$66.87 USD","$192.09 USD","4-Dec-2025","<a href=""https://www.anrdoezrs.net/click-101726471-17177438"" target=""_top""> <img src=""https://www.lduhtrp.net/image-101726471-17177438"" width=""88"" height=""31"" alt=""KSP Performance"" border=""0""/></a>","<script type=""text/javascript"" language=""javascript"" src=""https://www.kqzyfj.com/placeholder-57765234?target=_top&mouseover=N""></script>","https://www.jdoqocy.com/click-101726471-17177438","N/A","","","","Parts & Accessories","7686542","Active","English","Yes"
"KSP Performance","CA, US","17167895","Leveling Lift Kits","Link for Leveling Lift Kits category","KSP Performance, KSP Motor, KSP, cars, trucks, parts, automotive, wheels, wheel spacers, suspension, off-road, SUV, SUVs, leveling, auto parts, car parts, truck parts, Leveling Kit, Lift Kit","Text Link","$174.71 USD","N/A","4-Dec-2025","<a href=""https://www.dpbolvw.net/click-101726471-17167895"" target=""_top"">Shop KSP Leveling Lift Kit</a> — Lift your front end or lift your truck.<img src=""https://www.ftjcfx.com/image-101726471-17167895"" width=""1"" height=""1"" border=""0""/>","<script type=""text/javascript"" language=""javascript"" src=""https://www.tkqlhce.com/placeholder-57765235?target=_top&mouseover=N""></script>","https://www.tkqlhce.com/click-101726471-17167895","N/A","","","","Parts & Accessories","7686542","Active","English","Yes"
"KSP Performance","CA, US","17177439","Skyscraper","KSP Performance offers a wide range of high-quality automotive parts, including wheel spacers, control arms, leveling kits, and suspension components. Designed for strength, precision, and perfect fitment, our products help enhance vehicle stance, handling, and off-road performance. Whether you're upgrading your truck, SUV, or performance car, KSP delivers reliable solutions engineered to perform and built to last.","KSP Performance, KSP Motor, KSP, cars, trucks, parts, automotive, wheels, wheel spacers, suspension, off-road, SUV, SUVs, leveling, auto parts, car parts, truck parts","Banner","N/A","N/A","4-Dec-2025","<a href=""https://www.kqzyfj.com/click-101726471-17177439"" target=""_top""> <img src=""https://www.lduhtrp.net/image-101726471-17177439"" width=""120"" height=""600"" alt=""KSP Performance and products"" border=""0""/></a>","<script type=""text/javascript"" language=""javascript"" src=""https://www.tkqlhce.com/placeholder-57765236?target=_top&mouseover=N""></script>","https://www.anrdoezrs.net/click-101726471-17177439","N/A","","","","Parts & Accessories","7686542","Active","English","No"
"KSP Performance","US","17213600","New Year Holiday Season Free Gift Card","Free $25 / $50 Gift Card when spend $200 / $300. Have to add gift card to cart and check out together.","auto; automotive; performance; car; truck; auto parts; wheel spencer","Text Link","$0.89 USD","$0.00 USD","22-Dec-2025","<a href=""https://www.tkqlhce.com/click-101726471-17213600"" target=""_top"">Shop at KSP</a> Get Free $25 / $50 Gift card, when spend $200 / $300. <img src=""https://www.ftjcfx.com/image-101726471-17213600"" width=""1"" height=""1"" border=""0""/>","<script type=""text/javascript"" language=""javascript"" src=""https://www.kqzyfj.com/placeholder-57765237?target=_top&mouseover=N""></script>","https://www.jdoqocy.com/click-101726471-17213600","N/A","","","","Parts & Accessories","7686542","Active","English","Yes"
"KSP Performance","CA, US","17167896","Spike Lug Nuts","Link for Spike Lug Nuts","KSP Performance, KSP Motor, KSP, cars, trucks, parts, automotive, wheels, wheel spacers, suspension, off-road, SUV, SUVs, leveling, auto parts, car parts, truck parts, KSP Spike Lug Nuts","Text Link","N/A","N/A","4-Dec-2025","<a href=""https://www.tkqlhce.com/click-101726471-17167896"" target=""_top"">Shop KSP Spike Lug Nuts</a> — Aggressive style meets strength with heat-treated steel construction.<img src=""https://www.lduhtrp.net/image-101726471-17167896"" width=""1"" height=""1"" border=""0""/>","<script type=""text/javascript"" language=""javascript"" src=""https://www.dpbolvw.net/placeholder-57765238?target=_top&mouseover=N""></script>","https://www.dpbolvw.net/click-101726471-17167896","N/A","","","","Parts & Accessories","7686542","Active","English","Yes"
"KSP Performance","CA, US","17177441","MMA Large Leaderboard","KSP Performance offers a wide range of high-quality automotive parts, including wheel spacers, control arms, leveling kits, and suspension components. Designed for strength, precision, and perfect fitment, our products help enhance vehicle stance, handling, and off-road performance. Whether you're upgrading your truck, SUV, or performance car, KSP delivers reliable solutions engineered to perform and built to last.","KSP Performance, KSP Motor, KSP, cars, trucks, parts, automotive, wheels, wheel spacers, suspension, off-road, SUV, SUVs, leveling, auto parts, car parts, truck parts","Banner","N/A","N/A","4-Dec-2025","<a href=""https://www.kqzyfj.com/click-101726471-17177441"" target=""_top""> <img src=""https://www.awltovhc.com/image-101726471-17177441"" width=""216"" height=""36"" alt=""Shop KSP Performance"" border=""0""/></a>","<script type=""text/javascript"" language=""javascript"" src=""https://www.dpbolvw.net/placeholder-57765239?target=_top&mouseover=N""></script>","https://www.kqzyfj.com/click-101726471-17177441","N/A","","","","Parts & Accessories","7686542","Active","English","Yes"
"KSP Performance","CA, US","17190030","5% OFF KSP Performance Whole SIte with code: KSPAF","Code: KSPAF Automotive Parts for car and truck with 5% OFF site-wide","auto; automotive; performance; car; truck; auto parts; wheel spencer","Text Link","$9.76 USD","$0.00 USD","4-Dec-2025","<a href=""https://www.jdoqocy.com/click-101726471-17190030"" target=""_top"">Shop Now</a> Automotive Parts for car and truck with 5% OFF site-wide.<img src=""https://www.ftjcfx.com/image-101726471-17190030"" width=""1"" height=""1"" border=""0""/>","<script type=""text/javascript"" language=""javascript"" src=""https://www.anrdoezrs.net/placeholder-57765240?target=_top&mouseover=N""></script>","https://www.dpbolvw.net/click-101726471-17190030","Coupon","KSPAF","5-Nov-2025","31-Dec-2026","Parts & Accessories","7686542","Active","English","Yes"
"KSP Performance","CA, US","17167893","Aluminum Control Arms","Link for KSP Aluminum Control Arms","KSP Performance, KSP Motor, KSP, cars, trucks, parts, automotive, wheels, wheel spacers, suspension, off-road, SUV, SUVs, leveling, auto parts, car parts, truck parts, Control Arms","Text Link","N/A","N/A","4-Dec-2025","<a href=""https://www.kqzyfj.com/click-101726471-17167893"" target=""_top"">Shop KSP Aluminum Control Arms</a> — Maintain correct alignment angle & improve durability with forged 6-Series aluminum.<img src=""https://www.tqlkg.com/image-101726471-17167893"" width=""1"" height=""1"" border=""0""/>","<script type=""text/javascript"" language=""javascript"" src=""https://www.kqzyfj.com/placeholder-57765241?target=_top&mouseover=N""></script>","https://www.tkqlhce.com/click-101726471-17167893","N/A","","","","Parts & Accessories","7686542","Active","English","Yes"
"KSP Performance","CA, US","17167894","Control Arms","Link for KSP Control Arms category","KSP Performance, KSP Motor, KSP, cars, trucks, parts, automotive, wheels, wheel spacers, suspension, off-road, SUV, SUVs, leveling, auto parts, car parts, truck parts, Control Arms","Text Link","N/A","N/A","4-Dec-2025","<a href=""https://www.anrdoezrs.net/click-101726471-17167894"" target=""_top"">Shop KSP Control Arms</a> — Ensure proper ball joint angle & stability for lifted trucks.<img src=""https://www.tqlkg.com/image-101726471-17167894"" width=""1"" height=""1"" border=""0""/>","<script type=""text/javascript"" language=""javascript"" src=""https://www.kqzyfj.com/placeholder-57765242?target=_top&mouseover=N""></script>","https://www.anrdoezrs.net/click-101726471-17167894","N/A","","","","Parts & Accessories","7686542","Active","English","Yes"
"KSP Performance","CA, US","17167892","Wheel Spacers","Link for KSP Wheel Spacers category","KSP Performance, KSP Motor, KSP, cars, trucks, parts, automotive, wheels, wheel spacers, suspension, off-road, SUV, SUVs, leveling, auto parts, car parts, truck parts","Text Link","$52.41 USD","N/A","4-Dec-2025","<a href=""https://www.jdoqocy.com/click-101726471-17167892"" target=""_top"">Shop KSP Wheel Spacers</a> — Widen stance & increase clearance with forged 6-Series aluminum strength.<img src=""https://www.awltovhc.com/image-101726471-17167892"" width=""1"" height=""1"" border=""0""/>","<script type=""text/javascript"" language=""javascript"" src=""https://www.tkqlhce.com/placeholder-57765243?target=_top&mouseover=N""></script>","https://www.kqzyfj.com/click-101726471-17167892","N/A","","","","Parts & Accessories","7686542","Active","English","Yes"
"KSP Performance","CA, US","17177444","MMA XX-Large Leaderboard (Mobile)","KSP Performance offers a wide range of high-quality automotive parts, including wheel spacers, control arms, leveling kits, and suspension components. Designed for strength, precision, and perfect fitment, our products help enhance vehicle stance, handling, and off-road performance. Whether you're upgrading your truck, SUV, or performance car, KSP delivers reliable solutions engineered to perform and built to last.","KSP Performance, KSP Motor, KSP, cars, trucks, parts, automotive, wheels, wheel spacers, suspension, off-road, SUV, SUVs, leveling, auto parts, car parts, truck parts","Banner","N/A","N/A","4-Dec-2025","<a href=""https://www.anrdoezrs.net/click-101726471-17177444"" target=""_top""> <img src=""https://www.ftjcfx.com/image-101726471-17177444"" width=""320"" height=""50"" alt=""Shop KSP Performance"" border=""0""/></a>","<script type=""text/javascript"" language=""javascript"" src=""https://www.kqzyfj.com/placeholder-57765244?target=_top&mouseover=N""></script>","https://www.tkqlhce.com/click-101726471-17177444","N/A","","","","Parts & Accessories","7686542","Active","English","Yes"
"KSP Performance","CA, US","17177442","Square","KSP Performance offers a wide range of high-quality automotive parts, including wheel spacers, control arms, leveling kits, and suspension components. Designed for strength, precision, and perfect fitment, our products help enhance vehicle stance, handling, and off-road performance. Whether you're upgrading your truck, SUV, or performance car, KSP delivers reliable solutions engineered to perform and built to last.","KSP Performance, KSP Motor, KSP, cars, trucks, parts, automotive, wheels, wheel spacers, suspension, off-road, SUV, SUVs, leveling, auto parts, car parts, truck parts","Banner","$176.23 USD","N/A","4-Dec-2025","<a href=""https://www.anrdoezrs.net/click-101726471-17177442"" target=""_top""> <img src=""https://www.lduhtrp.net/image-101726471-17177442"" width=""250"" height=""250"" alt=""Shop KSP Performance"" border=""0""/></a>","<script type=""text/javascript"" language=""javascript"" src=""https://www.jdoqocy.com/placeholder-57765245?target=_top&mouseover=N""></script>","https://www.kqzyfj.com/click-101726471-17177442","N/A","","","","Parts & Accessories","7686542","Active","English","Yes"
"KSP Performance","","17188039","Evergreen Link for KSP Performance","Evergreen Links are a long-lasting link type that takes consumers to the advertiser's website. It is deep-link enabled, so publishers can customize it to navigate to a different page if needed.","","Evergreen Link","$183.45 USD","$240.30 USD","4-Dec-2025","<a href=""https://www.dpbolvw.net/click-101726471-17188039"" target=""_top""></a><img src=""https://www.tqlkg.com/image-101726471-17188039"" width=""1"" height=""1"" border=""0""/>","<script type=""text/javascript"" language=""javascript"" src=""https://www.tkqlhce.com/placeholder-57765246?target=_top&mouseover=N""></script>","https://www.kqzyfj.com/click-101726471-17188039","N/A","","","","Parts & Accessories","7686542","Active","English","No"
"KSP Performance","CA, US","17177443","Medium Rectangle","KSP Performance offers a wide range of high-quality automotive parts, including wheel spacers, control arms, leveling kits, and suspension components. Designed for strength, precision, and perfect fitment, our products help enhance vehicle stance, handling, and off-road performance. Whether you're upgrading your truck, SUV, or performance car, KSP delivers reliable solutions engineered to perform and built to last.","KSP Performance, KSP Motor, KSP, cars, trucks, parts, automotive, wheels, wheel spacers, suspension, off-road, SUV, SUVs, leveling, auto parts, car parts, truck parts","Banner","N/A","N/A","4-Dec-2025","<a href=""https://www.kqzyfj.com/click-101726471-17177443"" target=""_top""> <img src=""https://www.tqlkg.com/image-101726471-17177443"" width=""320"" height=""250"" alt=""Shop KSP Performance"" border=""0""/></a>","<script type=""text/javascript"" language=""javascript"" src=""https://www.tkqlhce.com/placeholder-57765247?target=_top&mouseover=N""></script>","https://www.kqzyfj.com/click-101726471-17177443","N/A","","","","Parts & Accessories","7686542","Active","English","Yes"
"KSP Performance","CA, US","17177440","Square button","KSP Performance offers a wide range of high-quality automotive parts, including wheel spacers, control arms, leveling kits, and suspension components. Designed for strength, precision, and perfect fitment, our products help enhance vehicle stance, handling, and off-road performance. Whether you're upgrading your truck, SUV, or performance car, KSP delivers reliable solutions engineered to perform and built to last.","KSP Performance, KSP Motor, KSP, cars, trucks, parts, automotive, wheels, wheel spacers, suspension, off-road, SUV, SUVs, leveling, auto parts, car parts, truck parts","Banner","N/A","N/A","4-Dec-2025","<a href=""https://www.anrdoezrs.net/click-101726471-17177440"" target=""_top""> <img src=""https://www.awltovhc.com/image-101726471-17177440"" width=""125"" height=""125"" alt=""Shop KSP Performance"" border=""0""/></a>","<script type=""text/javascript"" language=""javascript"" src=""https://www.anrdoezrs.net/placeholder-57765248?target=_top&mouseover=N""></script>","https://www.kqzyfj.com/click-101726471-17177440","N/A","","","","Parts & Accessories","7686542","Active","English","Yes"
